sample,frozen_method,frozen_mean_ari,oracle_method,oracle_mean_ari,frozen_regret,frozen_top1,n_domains
1142243F,spectral,0.03167528445187521,spectral,0.03167528445187521,0.0,True,6
1160920F,spectral,0.301403414367976,birch,0.6284398421913282,0.3270364278233522,False,8
CID4290,spectral,0.32565519499861184,spectral,0.32565519499861184,0.0,True,4
CID4465,spectral,0.057776115393370985,birch,0.09261892647710479,0.034842811083733806,False,4
CID44971,spectral,0.4104473149942705,gaussian_mixture,0.5793572349784003,0.1689099199841298,False,7
CID4535,spectral,0.155329051874829,bisecting_kmeans,0.41210693328898024,0.25677788141415125,False,8
