dataset,agglomerative,birch,bisecting_kmeans,dbscan,gaussian_mixture,kmeans,mean_shift,minibatch_kmeans,optics,spectral,banksy_py,spatialde_kmeans,nnsvg_kmeans,harmony_kmeans,moran_spectral
visium_hd_crc,0.36191532279386235,0.5984641087478529,0.3350662080864302,-0.023885516938088196,0.3424991661944387,0.2862655766976037,-0.0009577117270035013,0.25535441802430964,0.011734574211779864,0.6759144939316668,0.3716473202505362,,,0.22179429084236954,0.07848844139894796
xenium_lung_cancer,0.013293688440166226,0.009019995175941807,0.08099055682717736,0.01576138196104107,0.05598507494134227,0.03067532397726087,0.18301058198044418,0.03314024447275983,0.03454557953926807,0.15340591766364742,0.08103321941527547,,,0.05593615986059158,0.01255037198970812
xenium_ovarian_cancer,0.24891865440346886,0.19879696613518205,0.17888171003650358,0.08770735031021322,0.24239573623928942,0.1364310332527704,0.003105453304494067,0.17376936956683897,0.0034331565501115797,0.46280500324094415,0.12207134242235156,,,0.032932425326557796,0.17120737412154508
visium_mouse_brain,0.5072501202864982,0.5124022081796006,0.507843536395927,0.00014106008675336584,0.4936394470024695,0.576401548307877,0.0048397336088484835,0.5800383106608377,0.010203581342413445,0.6268160581881485,0.4704281244779014,,,0.5586659579351186,0.267508514877431
allen_merfish_brain_section,0.21247192140914883,0.22240335959751714,0.25333846274836974,0.0,0.21734513867141061,0.24443979334719668,0.02902322307624626,0.23590595269494855,0.021638057397410426,0.28219070339911684,0.2788871648442015,,,0.2106758524749848,0.14101638337094782
