dataset,agglomerative,birch,bisecting_kmeans,dbscan,gaussian_mixture,kmeans,mean_shift,minibatch_kmeans,optics,spectral,banksy_py,spatialde_kmeans,nnsvg_kmeans,harmony_kmeans,moran_spectral
visium_hd_crc,0.0,0.0,0.03521217058460389,0.0,0.0678301781982159,0.03692559938690759,0.0,0.04350290530569332,0.0,8.788979368125812e-05,0.05979295298661921,,,0.00015371907775131463,0.0
xenium_lung_cancer,0.0,0.0,0.019149290150340306,0.0,0.013993724635389912,0.049845522093660014,0.0,0.016339828494602606,0.0,0.0,0.0003573698559485899,,,0.03935718095204821,3.0941072866203476e-05
xenium_ovarian_cancer,0.0,0.0,0.03031917853141289,0.0,0.050757473749579264,0.002982343847171161,0.0,0.016995938389180235,0.0,0.0,0.0030768032745449795,,,0.00012772538448368475,0.11625575362467497
visium_mouse_brain,0.0,0.0,0.051889367740897745,0.0,0.027897833970502692,0.01728260833528565,0.0,0.02508338572422022,0.0,0.014864401399296227,0.0074485289659264094,,,0.013787931523725,0.000699713682568617
allen_merfish_brain_section,0.0,0.0,0.005881515860307871,0.0,0.004498349167243622,0.011236818233849281,0.0,0.02606608322098216,0.0,0.007562881196845356,0.0003510718065382592,,,0.0025521640325786403,0.0
