dataset,agglomerative,birch,bisecting_kmeans,dbscan,gaussian_mixture,kmeans,mean_shift,minibatch_kmeans,optics,spectral
151673,0.14793332881049076,0.17007462879487056,0.21642412676046208,0.0,0.23505787396902336,0.2500715350135494,0.013342078689554794,0.22937839342418828,-0.001184453396388922,0.2423138947172816
151674,0.2212556785500249,0.2528450781106391,0.29611830213797335,0.0,0.2693488827455323,0.29812818287020243,0.0061895547377992495,0.26462714729711917,0.0001314176083081434,0.1761931129593751
151507,0.21069571335220524,0.1320529975079289,0.25039316088187813,0.0,0.22277446029210546,0.2401616476653766,0.011715766869256747,0.23722780389968542,-0.000380274795399155,0.20020453878111455
151669,0.14540742516528352,0.12966854906833353,0.18293873088608184,0.0,0.13965703696921683,0.16555647657420372,0.010213176415602392,0.17216394104595115,0.00022831922900889943,0.16789329493648572
151670,0.280014239444171,0.1876685778839524,0.1932032994911729,0.0,0.17780756463547612,0.22146459984255526,-0.020566628382760563,0.21123493042993477,-0.005215331871593266,0.346417381108651
