dataset,agglomerative,birch,bisecting_kmeans,dbscan,gaussian_mixture,kmeans,mean_shift,minibatch_kmeans,optics,spectral
151673,0.0,0.0,0.0010343116803583103,0.0,0.03625030191525773,0.024713578964361126,0.0,0.013465661241148636,0.0,0.00019705257857358585
151674,0.0,0.0,0.0023014868644030827,0.0,0.037668338159304024,0.00428994125148872,0.0,0.039012147471855614,0.0,0.00012336775741366167
151507,0.0,0.0,0.0037301194642774707,0.0,0.023216779451902456,0.04472147639964554,0.0,0.04693998609215563,0.0,0.0002275583524926696
151669,0.0,0.0,0.0016659385834065783,0.0,0.01419568446112517,0.009545878287768343,0.0,0.0071104067778925105,0.0,0.000259599024563859
151670,0.0,0.0,0.03431088168140828,0.0,0.029792992165398227,0.05091297204139142,0.0,0.07416869146135213,0.0,0.0004382029345729415
