held_out_dataset,training_datasets,oracle_methods,oracle_score,recommended_methods,recommended_method,recommended_score,top1_hit,top3_hit,selection_regret,global_best_baseline,global_best_score,global_best_regret,random_expected_score,random_expected_regret
151673,151674|151507|151669|151670,kmeans,0.2500715350135494,bisecting_kmeans|kmeans|minibatch_kmeans,bisecting_kmeans,0.21642412676046208,False,True,0.03364740825308732,kmeans,0.2500715350135494,0.0,0.1503411406783032,0.09973039433524619
151674,151673|151507|151669|151670,kmeans,0.29812818287020243,spectral|kmeans|minibatch_kmeans,spectral,0.1761931129593751,False,True,0.12193506991082734,spectral,0.1761931129593751,0.12193506991082734,0.17848373570169734,0.11964444716850509
151507,151673|151674|151669|151670,bisecting_kmeans,0.25039316088187813,spectral|agglomerative|kmeans,spectral,0.20020453878111455,False,False,0.05018862210076358,kmeans,0.2401616476653766,0.010231513216501537,0.1504845814454152,0.09990857943646292
151669,151673|151674|151507|151670,bisecting_kmeans,0.18293873088608184,spectral|kmeans|agglomerative,spectral,0.16789329493648572,False,False,0.01504543594959612,kmeans,0.16555647657420372,0.01738225431187812,0.11137269502901677,0.07156603585706507
151670,151673|151674|151507|151669,spectral,0.346417381108651,bisecting_kmeans|kmeans|minibatch_kmeans,bisecting_kmeans,0.1932032994911729,False,False,0.1532140816174781,kmeans,0.22146459984255526,0.12495278126609574,0.15920286325815597,0.18721451785049503
