dataset,n_obs,n_vars,aspect_ratio,sparsity,mean_nonzero,library_mean,library_cv,expression_entropy,spatial_autocorrelation,cluster_tendency,mean_nn_distance,spatial_density_cv,spatial_entropy,effective_rank_90,effective_rank_95,sv_entropy
clean_easy,600.0,50.0,0.08333333333333333,0.35250000000000004,2.7846589446589447,90.15333333333334,0.11620550939972761,5.277158798641218,0.689770017084409,0.5105793338932356,0.04130019761079391,0.39993749511635845,6.5131273216083985,17.0,28.0,0.5451664403343986
noisy_hard,600.0,50.0,0.08333333333333333,0.40159999999999996,2.446579768270945,73.20166666666667,0.19013078114002832,5.504387415883721,0.26506511537581073,0.5815004194168805,0.04129119150679542,0.3915780041489591,6.537816882654657,34.0,41.0,0.8904505269727756
sparse_scattered,200.0,50.0,0.25,0.3546,3.0712736287573597,99.11,0.13334878814510315,5.186515628678089,0.5550921336435277,0.4657313766955423,0.0755523290814629,0.5399073994674805,6.2904483949310075,15.0,25.0,0.5681375879533309
