{
  "schema_version": 2,
  "task": "domain_detection",
  "metric": "ARI",
  "higher_is_better": true,
  "feature_schema": "histoweave.target_free.v1",
  "performance": {
    "clean_easy": {
      "agglomerative": 0.8511725584403583,
      "birch": 0.8511725584403583,
      "bisecting_kmeans": 0.9910102963008218,
      "dbscan": 0.0,
      "gaussian_mixture": 1.0,
      "kmeans": 0.9957052228910341,
      "mean_shift": 0.0,
      "minibatch_kmeans": 0.9914326197318956,
      "optics": 0.0,
      "spectral": 0.9844689630069039
    },
    "noisy_hard": {
      "agglomerative": 0.8450345535571109,
      "birch": 0.8450345535571109,
      "bisecting_kmeans": 0.9514810166648653,
      "dbscan": 0.0,
      "gaussian_mixture": 0.9840614147028733,
      "kmeans": 0.9895765215022179,
      "mean_shift": 0.0,
      "minibatch_kmeans": 0.4442503597376289,
      "optics": 0.0,
      "spectral": 0.9627878745678534
    },
    "sparse_scattered": {
      "agglomerative": 0.9344316255961732,
      "birch": 0.9344316255961732,
      "bisecting_kmeans": 1.0,
      "dbscan": 0.0,
      "gaussian_mixture": 1.0,
      "kmeans": 1.0,
      "mean_shift": 0.0,
      "minibatch_kmeans": 0.2768683360647453,
      "optics": -0.030393886492105962,
      "spectral": 0.9831190771404347
    }
  },
  "features": {
    "clean_easy": [
      600.0,
      50.0,
      0.08333333333333333,
      0.35250000000000004,
      2.7846589446589447,
      90.15333333333334,
      0.11620550939972761,
      5.277158798641218,
      0.689770017084409,
      0.5105793338932356,
      0.04130019761079391,
      0.39993749511635845,
      6.5131273216083985,
      17.0,
      28.0,
      0.5451664403343986
    ],
    "noisy_hard": [
      600.0,
      50.0,
      0.08333333333333333,
      0.40159999999999996,
      2.446579768270945,
      73.20166666666667,
      0.19013078114002832,
      5.504387415883721,
      0.26506511537581073,
      0.5815004194168805,
      0.04129119150679542,
      0.3915780041489591,
      6.537816882654657,
      34.0,
      41.0,
      0.8904505269727756
    ],
    "sparse_scattered": [
      200.0,
      50.0,
      0.25,
      0.3546,
      3.0712736287573597,
      99.11,
      0.13334878814510315,
      5.186515628678089,
      0.5550921336435277,
      0.4657313766955423,
      0.0755523290814629,
      0.5399073994674805,
      6.2904483949310075,
      15.0,
      25.0,
      0.5681375879533309
    ]
  },
  "best_method": {
    "clean_easy": "gaussian_mixture",
    "noisy_hard": "kmeans",
    "sparse_scattered": "bisecting_kmeans"
  },
  "niches": {
    "bisecting_kmeans": [
      "clean_easy",
      "noisy_hard",
      "sparse_scattered"
    ],
    "gaussian_mixture": [
      "clean_easy",
      "noisy_hard",
      "sparse_scattered"
    ],
    "kmeans": [
      "clean_easy",
      "noisy_hard",
      "sparse_scattered"
    ],
    "minibatch_kmeans": [
      "clean_easy"
    ],
    "spectral": [
      "clean_easy",
      "noisy_hard",
      "sparse_scattered"
    ]
  },
  "feature_order": [
    "n_obs",
    "n_vars",
    "aspect_ratio",
    "sparsity",
    "mean_nonzero",
    "library_mean",
    "library_cv",
    "expression_entropy",
    "spatial_autocorrelation",
    "cluster_tendency",
    "mean_nn_distance",
    "spatial_density_cv",
    "spatial_entropy",
    "effective_rank_90",
    "effective_rank_95",
    "sv_entropy"
  ],
  "method_count": 10,
  "dataset_count": 3,
  "timings": {
    "clean_easy": {
      "agglomerative": 0.7365,
      "birch": 0.1206,
      "bisecting_kmeans": 0.0338,
      "dbscan": 0.0298,
      "gaussian_mixture": 0.0438,
      "kmeans": 0.0332,
      "mean_shift": 0.6326,
      "minibatch_kmeans": 0.0344,
      "optics": 0.3047,
      "spectral": 0.0554
    },
    "noisy_hard": {
      "agglomerative": 0.0311,
      "birch": 0.0494,
      "bisecting_kmeans": 0.036,
      "dbscan": 0.0318,
      "gaussian_mixture": 0.0372,
      "kmeans": 0.0332,
      "mean_shift": 0.6313,
      "minibatch_kmeans": 0.0296,
      "optics": 0.287,
      "spectral": 0.0627
    },
    "sparse_scattered": {
      "agglomerative": 0.0049,
      "birch": 0.0106,
      "bisecting_kmeans": 0.0116,
      "dbscan": 0.0062,
      "gaussian_mixture": 0.0491,
      "kmeans": 0.0061,
      "mean_shift": 0.191,
      "minibatch_kmeans": 0.0114,
      "optics": 0.0743,
      "spectral": 0.0128
    }
  }
}