dataset,agglomerative,birch,bisecting_kmeans,dbscan,gaussian_mixture,kmeans,mean_shift,minibatch_kmeans,optics,spectral
clean_easy,0.8511725584403583,0.8511725584403583,0.9910102963008218,0.0,1.0,0.9957052228910341,0.0,0.9914326197318956,0.0,0.9844689630069039
noisy_hard,0.8450345535571109,0.8450345535571109,0.9514810166648653,0.0,0.9840614147028733,0.9895765215022179,0.0,0.4442503597376289,0.0,0.9627878745678534
sparse_scattered,0.9344316255961732,0.9344316255961732,1.0,0.0,1.0,1.0,0.0,0.2768683360647453,-0.030393886492105962,0.9831190771404347
